Year,County,Value
2018,BOONE,29632000
2018,DALLAS,22673000
2018,GRUNDY,35317000
2018,HAMILTON,36053000
2018,HARDIN,39165000
2018,JASPER,37600000
2018,MARSHALL,33872000
2018,POLK,14170000
2018,POWESHIEK,30523000
2018,STORY,30457000
2018,TAMA,38109000
2018,WEBSTER,36453000
2018,BENTON,39837000
2018,CEDAR,33767000
2018,CLINTON,39382000
2018,IOWA,26166000
2018,JACKSON,23486000
2018,JOHNSON,22310000
2018,JONES,31188000
2018,LINN,32033000
2018,MUSCATINE,19060000
2018,SCOTT,23202000
2018,BUTLER,34575000
2018,CERRO GORDO,29678000
2018,FLOYD,25212000
2018,FRANKLIN,39747000
2018,HANCOCK,32187000
2018,HUMBOLDT,21469000
2018,KOSSUTH,53447000
2018,MITCHELL,27075000
2018,WINNEBAGO,21421000
2018,WORTH,19880000
2018,WRIGHT,32532000
2018,ALLAMAKEE,14680000
2018,BLACK HAWK,29501000
2018,BREMER,25570000
2018,BUCHANAN,38443000
2018,CHICKASAW,27732000
2018,CLAYTON,28282000
2018,DELAWARE,40570000
2018,DUBUQUE,30070000
2018,FAYETTE,37243000
2018,HOWARD,23554000
2018,WINNESHIEK,29620000
2018,BUENA VISTA,31288000
2018,CHEROKEE,30575000
2018,CLAY,22584000
2018,DICKINSON,13975000
2018,EMMET,16955000
2018,LYON,31815000
2018,O BRIEN,31518000
2018,OSCEOLA,20321000
2018,PALO ALTO,25262000
2018,PLYMOUTH,46049000
2018,POCAHONTAS,31598000
2018,SIOUX,44669000
2018,CLARKE,4841000
2018,DECATUR,5697000
2018,MADISON,11537000
2018,MARION,13899000
2018,MONROE,4359000
2018,OTHER (COMBINED) COUNTIES,8060000
2018,RINGGOLD,7512000
2018,UNION,8397000
2018,WARREN,9805000
2018,WAYNE,9045000
2018,DES MOINES,13616000
2018,HENRY,15175000
2018,JEFFERSON,13948000
2018,KEOKUK,23951000
2018,LEE,14508000
2018,LOUISA,15542000
2018,MAHASKA,26820000
2018,OTHER (COMBINED) COUNTIES,16423000
2018,VAN BUREN,8771000
2018,WASHINGTON,25370000
2018,ADAIR,15475000
2018,ADAMS,11870000
2018,CASS,21276000
2018,FREMONT,22233000
2018,MONTGOMERY,17630000
2018,OTHER (COMBINED) COUNTIES,65347000
2018,PAGE,21485000
2018,TAYLOR,12243000
2018,AUDUBON,19715000
2018,CALHOUN,33087000
2018,CARROLL,37653000
2018,CRAWFORD,42497000
2018,GREENE,33291000
2018,GUTHRIE,20208000
2018,HARRISON,30273000
2018,IDA,26591000
2018,MONONA,30017000
2018,SAC,34281000
2018,SHELBY,31925000
2018,WOODBURY,40875000
2017,BOONE,30284000
2017,DALLAS,24894000
2017,GRUNDY,34774000
2017,HAMILTON,37411000
2017,HARDIN,40137000
2017,JASPER,34965000
2017,MARSHALL,32468000
2017,POLK,15720000
2017,POWESHIEK,31855000
2017,STORY,33264000
2017,TAMA,36617000
2017,WEBSTER,39778000
2017,BENTON,41002000
2017,CEDAR,34183000
2017,CLINTON,41342000
2017,IOWA,26657000
2017,JACKSON,22875000
2017,JOHNSON,22886000
2017,JONES,32370000
2017,LINN,32610000
2017,MUSCATINE,17305000
2017,SCOTT,23426000
2017,BUTLER,33650000
2017,CERRO GORDO,33947000
2017,FLOYD,27944000
2017,FRANKLIN,41109000
2017,HANCOCK,36944000
2017,HUMBOLDT,26645000
2017,KOSSUTH,63323000
2017,MITCHELL,30915000
2017,WINNEBAGO,25830000
2017,WORTH,20723000
2017,WRIGHT,37742000
2017,ALLAMAKEE,14498000
2017,BLACK HAWK,29744000
2017,BREMER,24888000
2017,BUCHANAN,40415000
2017,CHICKASAW,27374000
2017,CLAYTON,30461000
2017,DELAWARE,40111000
2017,DUBUQUE,28847000
2017,FAYETTE,38233000
2017,HOWARD,24406000
2017,WINNESHIEK,31427000
2017,BUENA VISTA,30734000
2017,CHEROKEE,28341000
2017,CLAY,29272000
2017,DICKINSON,17620000
2017,EMMET,24858000
2017,LYON,37703000
2017,O BRIEN,35088000
2017,OSCEOLA,26223000
2017,PALO ALTO,33187000
2017,PLYMOUTH,40715000
2017,POCAHONTAS,34513000
2017,SIOUX,46121000
2017,APPANOOSE,4760000
2017,MADISON,11336000
2017,MARION,13368000
2017,MONROE,4826000
2017,OTHER (COMBINED) COUNTIES,19160000
2017,RINGGOLD,8440000
2017,UNION,7363000
2017,WARREN,10678000
2017,DAVIS,4582000
2017,DES MOINES,14209000
2017,HENRY,15968000
2017,JEFFERSON,11817000
2017,KEOKUK,20237000
2017,LEE,13295000
2017,LOUISA,18129000
2017,MAHASKA,23335000
2017,VAN BUREN,5489000
2017,WAPELLO,8153000
2017,WASHINGTON,26385000
2017,ADAIR,18235000
2017,ADAMS,12105000
2017,CASS,25008000
2017,FREMONT,23062000
2017,MILLS,17336000
2017,MONTGOMERY,18594000
2017,PAGE,20931000
2017,POTTAWATTAMIE,46399000
2017,TAYLOR,13845000
2017,AUDUBON,22199000
2017,CALHOUN,33688000
2017,CARROLL,37418000
2017,CRAWFORD,45273000
2017,GREENE,33888000
2017,GUTHRIE,20370000
2017,HARRISON,33534000
2017,IDA,25889000
2017,MONONA,32656000
2017,SAC,30921000
2017,SHELBY,35250000
2017,WOODBURY,37295000
2016,BOONE,34514000
2016,DALLAS,29259000
2016,GRUNDY,32612000
2016,HAMILTON,43574000
2016,HARDIN,40472000
2016,JASPER,38181000
2016,MARSHALL,32279000
2016,POLK,17002000
2016,POWESHIEK,30868000
2016,STORY,36402000
2016,TAMA,34134000
2016,WEBSTER,45684000
2016,BENTON,40385000
2016,CEDAR,34615000
2016,CLINTON,40280000
2016,IOWA,27299000
2016,JACKSON,22050000
2016,JOHNSON,20013000
2016,JONES,30885000
2016,LINN,29749000
2016,MUSCATINE,18435000
2016,SCOTT,22567000
2016,BUTLER,36864000
2016,CERRO GORDO,33731000
2016,FLOYD,28419000
2016,FRANKLIN,43412000
2016,HANCOCK,39681000
2016,HUMBOLDT,28983000
2016,KOSSUTH,68367000
2016,MITCHELL,31096000
2016,WINNEBAGO,27213000
2016,WORTH,22751000
2016,WRIGHT,39639000
2016,ALLAMAKEE,15728000
2016,BLACK HAWK,31388000
2016,BREMER,26742000
2016,BUCHANAN,39570000
2016,CHICKASAW,31814000
2016,CLAYTON,30217000
2016,DELAWARE,36355000
2016,DUBUQUE,30579000
2016,FAYETTE,38468000
2016,HOWARD,26027000
2016,WINNESHIEK,32870000
2016,BUENA VISTA,33705000
2016,CHEROKEE,32830000
2016,CLAY,29516000
2016,DICKINSON,16730000
2016,EMMET,24259000
2016,LYON,35599000
2016,O BRIEN,35011000
2016,OSCEOLA,24811000
2016,PALO ALTO,35112000
2016,PLYMOUTH,42253000
2016,POCAHONTAS,37749000
2016,SIOUX,43925000
2016,APPANOOSE,5702000
2016,CLARKE,5492000
2016,DECATUR,6410000
2016,LUCAS,5239000
2016,MADISON,13688000
2016,MARION,15738000
2016,MONROE,5058000
2016,RINGGOLD,9369000
2016,UNION,10010000
2016,WARREN,12239000
2016,WAYNE,10106000
2016,DAVIS,8833000
2016,DES MOINES,14700000
2016,HENRY,16576000
2016,JEFFERSON,14240000
2016,KEOKUK,24363000
2016,LEE,14750000
2016,LOUISA,16754000
2016,MAHASKA,27489000
2016,VAN BUREN,9960000
2016,WAPELLO,11797000
2016,WASHINGTON,24238000
2016,ADAIR,21659000
2016,ADAMS,13269000
2016,CASS,25962000
2016,FREMONT,21482000
2016,MILLS,18538000
2016,MONTGOMERY,17937000
2016,PAGE,21704000
2016,POTTAWATTAMIE,52808000
2016,TAYLOR,12982000
2016,AUDUBON,23078000
2016,CALHOUN,37496000
2016,CARROLL,39085000
2016,CRAWFORD,47084000
2016,GREENE,36442000
2016,GUTHRIE,21646000
2016,HARRISON,36994000
2016,IDA,28474000
2016,MONONA,31736000
2016,SAC,35859000
2016,SHELBY,38068000
2016,WOODBURY,42773000
2015,BOONE,30978000
2015,DALLAS,24353000
2015,GRUNDY,31789000
2015,HAMILTON,37978000
2015,HARDIN,36465000
2015,JASPER,33513000
2015,MARSHALL,28791000
2015,POLK,14678000
2015,POWESHIEK,28146000
2015,STORY,30286000
2015,TAMA,31570000
2015,WEBSTER,41415000
2015,BENTON,35645000
2015,CEDAR,29150000
2015,CLINTON,35344000
2015,IOWA,23855000
2015,JACKSON,21571000
2015,JOHNSON,20282000
2015,JONES,26976000
2015,LINN,28041000
2015,MUSCATINE,15654000
2015,SCOTT,21064000
2015,BUTLER,29686000
2015,CERRO GORDO,31585000
2015,FLOYD,26583000
2015,FRANKLIN,38933000
2015,HANCOCK,37623000
2015,HUMBOLDT,26050000
2015,KOSSUTH,62194000
2015,MITCHELL,29583000
2015,WINNEBAGO,25267000
2015,WORTH,22155000
2015,WRIGHT,35104000
2015,ALLAMAKEE,14452000
2015,BLACK HAWK,27661000
2015,BREMER,24317000
2015,BUCHANAN,35866000
2015,CHICKASAW,28659000
2015,CLAYTON,28337000
2015,DELAWARE,36853000
2015,DUBUQUE,27104000
2015,FAYETTE,34229000
2015,HOWARD,24186000
2015,WINNESHIEK,29388000
2015,BUENA VISTA,32393000
2015,CHEROKEE,30811000
2015,CLAY,29893000
2015,DICKINSON,17836000
2015,EMMET,24462000
2015,LYON,30657000
2015,O BRIEN,31537000
2015,OSCEOLA,24974000
2015,PALO ALTO,34189000
2015,PLYMOUTH,40823000
2015,POCAHONTAS,37211000
2015,SIOUX,48059000
2015,APPANOOSE,5155000
2015,CLARKE,5729000
2015,DECATUR,5745000
2015,LUCAS,5110000
2015,MADISON,11553000
2015,MARION,13676000
2015,OTHER (COMBINED) COUNTIES,13641000
2015,RINGGOLD,7671000
2015,WARREN,10764000
2015,WAYNE,9877000
2015,DAVIS,6850000
2015,DES MOINES,12231000
2015,HENRY,13912000
2015,JEFFERSON,12298000
2015,KEOKUK,21019000
2015,LEE,10712000
2015,LOUISA,15459000
2015,MAHASKA,24992000
2015,VAN BUREN,7569000
2015,WAPELLO,8952000
2015,WASHINGTON,22625000
2015,ADAIR,18954000
2015,ADAMS,12279000
2015,CASS,25931000
2015,FREMONT,20115000
2015,MONTGOMERY,17228000
2015,OTHER (COMBINED) COUNTIES,29440000
2015,PAGE,17935000
2015,POTTAWATTAMIE,48847000
2015,AUDUBON,20520000
2015,CALHOUN,33901000
2015,CARROLL,35938000
2015,CRAWFORD,42702000
2015,GREENE,32270000
2015,GUTHRIE,20498000
2015,HARRISON,33169000
2015,IDA,25166000
2015,MONONA,29628000
2015,SAC,33410000
2015,SHELBY,32027000
2015,WOODBURY,43898000
2014,BOONE,29672000
2014,DALLAS,27348000
2014,GRUNDY,28278000
2014,HAMILTON,33655000
2014,HARDIN,30416000
2014,JASPER,32396000
2014,MARSHALL,28194000
2014,POLK,14889000
2014,POWESHIEK,26211000
2014,STORY,26923000
2014,TAMA,29485000
2014,WEBSTER,40558000
2014,BENTON,35731000
2014,CEDAR,28156000
2014,CLINTON,36896000
2014,IOWA,22666000
2014,JACKSON,20642000
2014,JOHNSON,19842000
2014,JONES,27754000
2014,LINN,26531000
2014,MUSCATINE,16515000
2014,SCOTT,20560000
2014,BUTLER,28564000
2014,CERRO GORDO,30597000
2014,FLOYD,23432000
2014,FRANKLIN,33999000
2014,HANCOCK,33630000
2014,HUMBOLDT,24640000
2014,KOSSUTH,57229000
2014,MITCHELL,26790000
2014,WINNEBAGO,23068000
2014,WORTH,22180000
2014,WRIGHT,31086000
2014,ALLAMAKEE,14120000
2014,BLACK HAWK,23994000
2014,BREMER,19371000
2014,BUCHANAN,32232000
2014,CHICKASAW,23390000
2014,CLAYTON,26257000
2014,DELAWARE,32790000
2014,DUBUQUE,24753000
2014,FAYETTE,32588000
2014,HOWARD,21921000
2014,WINNESHIEK,26064000
2014,BUENA VISTA,29310000
2014,CHEROKEE,27650000
2014,CLAY,25890000
2014,DICKINSON,14574000
2014,EMMET,19640000
2014,LYON,28429000
2014,O BRIEN,29298000
2014,OSCEOLA,21730000
2014,PALO ALTO,30841000
2014,PLYMOUTH,40546000
2014,POCAHONTAS,31965000
2014,SIOUX,40377000
2014,APPANOOSE,5572000
2014,CLARKE,5222000
2014,DECATUR,4822000
2014,LUCAS,4795000
2014,MADISON,11827000
2014,MARION,13559000
2014,MONROE,5482000
2014,RINGGOLD,9566000
2014,UNION,9088000
2014,WARREN,11335000
2014,WAYNE,9558000
2014,DAVIS,8638000
2014,DES MOINES,13794000
2014,HENRY,15751000
2014,JEFFERSON,14664000
2014,KEOKUK,22492000
2014,LEE,15042000
2014,LOUISA,15241000
2014,MAHASKA,25640000
2014,VAN BUREN,9956000
2014,WAPELLO,11422000
2014,WASHINGTON,22192000
2014,ADAIR,17653000
2014,ADAMS,12554000
2014,CASS,22892000
2014,FREMONT,22616000
2014,MILLS,17940000
2014,MONTGOMERY,15035000
2014,PAGE,20354000
2014,POTTAWATTAMIE,39483000
2014,TAYLOR,15841000
2014,AUDUBON,20921000
2014,CALHOUN,34257000
2014,CARROLL,35710000
2014,CRAWFORD,38330000
2014,GREENE,31007000
2014,GUTHRIE,19369000
2014,HARRISON,29564000
2014,IDA,23495000
2014,MONONA,27491000
2014,SAC,29408000
2014,SHELBY,33213000
2014,WOODBURY,38346000
2013,BOONE,24444000
2013,DALLAS,20580000
2013,GRUNDY,28906000
2013,HAMILTON,26207000
2013,HARDIN,29326000
2013,JASPER,26596000
2013,MARSHALL,24953000
2013,POLK,11659000
2013,POWESHIEK,22724000
2013,STORY,21689000
2013,TAMA,26897000
2013,WEBSTER,28337000
2013,BENTON,31049000
2013,CEDAR,27126000
2013,CLINTON,36568000
2013,IOWA,19432000
2013,JACKSON,18358000
2013,JOHNSON,19691000
2013,JONES,26612000
2013,LINN,28166000
2013,MUSCATINE,13866000
2013,SCOTT,18120000
2013,BUTLER,30657000
2013,CERRO GORDO,21258000
2013,FLOYD,21048000
2013,FRANKLIN,34493000
2013,HANCOCK,30156000
2013,HUMBOLDT,19505000
2013,KOSSUTH,50484000
2013,MITCHELL,16773000
2013,WINNEBAGO,16353000
2013,WORTH,13304000
2013,WRIGHT,29285000
2013,ALLAMAKEE,12658000
2013,BLACK HAWK,23390000
2013,BREMER,21539000
2013,BUCHANAN,32922000
2013,CHICKASAW,22787000
2013,CLAYTON,26603000
2013,DELAWARE,34665000
2013,DUBUQUE,26828000
2013,FAYETTE,32248000
2013,HOWARD,12507000
2013,WINNESHIEK,24090000
2013,BUENA VISTA,27636000
2013,CHEROKEE,26815000
2013,CLAY,25145000
2013,DICKINSON,15100000
2013,EMMET,19864000
2013,LYON,32910000
2013,O BRIEN,32325000
2013,OSCEOLA,22172000
2013,PALO ALTO,29123000
2013,PLYMOUTH,44665000
2013,POCAHONTAS,29152000
2013,SIOUX,44260000
2013,APPANOOSE,3394000
2013,CLARKE,4252000
2013,DECATUR,4751000
2013,LUCAS,3419000
2013,MADISON,9748000
2013,MARION,11858000
2013,MONROE,3299000
2013,RINGGOLD,7144000
2013,UNION,7768000
2013,WARREN,9299000
2013,WAYNE,7178000
2013,DAVIS,6396000
2013,DES MOINES,11416000
2013,HENRY,12192000
2013,JEFFERSON,10459000
2013,KEOKUK,17454000
2013,LEE,10389000
2013,LOUISA,13664000
2013,MAHASKA,20976000
2013,VAN BUREN,6656000
2013,WAPELLO,8124000
2013,WASHINGTON,19113000
2013,ADAIR,15140000
2013,ADAMS,10495000
2013,CASS,21523000
2013,FREMONT,18698000
2013,MILLS,16912000
2013,MONTGOMERY,14415000
2013,PAGE,17569000
2013,POTTAWATTAMIE,44302000
2013,TAYLOR,12120000
2013,AUDUBON,18297000
2013,CALHOUN,22829000
2013,CARROLL,25976000
2013,CRAWFORD,33612000
2013,GREENE,24765000
2013,GUTHRIE,14845000
2013,HARRISON,34350000
2013,IDA,23427000
2013,MONONA,33971000
2013,SAC,24590000
2013,SHELBY,33276000
2013,WOODBURY,36113000
2012,BOONE,25829000
2012,DALLAS,19171000
2012,GRUNDY,26074000
2012,HAMILTON,29675000
2012,HARDIN,31563000
2012,JASPER,26783000
2012,MARSHALL,23951000
2012,POLK,13465000
2012,POWESHIEK,23021000
2012,STORY,27086000
2012,TAMA,27090000
2012,WEBSTER,33505000
2012,BENTON,25615000
2012,CEDAR,25483000
2012,CLINTON,27244000
2012,IOWA,16405000
2012,JACKSON,12462000
2012,JOHNSON,15068000
2012,JONES,19930000
2012,LINN,19416000
2012,MUSCATINE,14349000
2012,SCOTT,14781000
2012,BUTLER,21262000
2012,CERRO GORDO,22132000
2012,FLOYD,18040000
2012,FRANKLIN,31955000
2012,HANCOCK,28723000
2012,HUMBOLDT,20813000
2012,KOSSUTH,52760000
2012,MITCHELL,18974000
2012,WINNEBAGO,21029000
2012,WORTH,17918000
2012,WRIGHT,28799000
2012,ALLAMAKEE,12791000
2012,BLACK HAWK,19279000
2012,BREMER,17115000
2012,BUCHANAN,28353000
2012,CHICKASAW,19175000
2012,CLAYTON,23338000
2012,DELAWARE,25492000
2012,DUBUQUE,20981000
2012,FAYETTE,29922000
2012,HOWARD,18446000
2012,WINNESHIEK,21783000
2012,BUENA VISTA,25570000
2012,CHEROKEE,24352000
2012,CLAY,27023000
2012,DICKINSON,15351000
2012,EMMET,19591000
2012,LYON,27577000
2012,O BRIEN,26557000
2012,OSCEOLA,20254000
2012,PALO ALTO,30660000
2012,PLYMOUTH,24450000
2012,POCAHONTAS,31036000
2012,SIOUX,32285000
2012,APPANOOSE,1327000
2012,CLARKE,2786000
2012,DECATUR,1923000
2012,LUCAS,2311000
2012,MADISON,7129000
2012,MARION,9402000
2012,MONROE,1991000
2012,RINGGOLD,3744000
2012,UNION,5005000
2012,WARREN,7072000
2012,WAYNE,3113000
2012,DAVIS,2291000
2012,DES MOINES,10704000
2012,HENRY,10655000
2012,JEFFERSON,7240000
2012,KEOKUK,13586000
2012,LEE,8503000
2012,LOUISA,12871000
2012,MAHASKA,17565000
2012,VAN BUREN,5491000
2012,WAPELLO,5490000
2012,WASHINGTON,16514000
2012,ADAIR,10908000
2012,ADAMS,7852000
2012,CASS,16419000
2012,FREMONT,15184000
2012,MILLS,13023000
2012,MONTGOMERY,12555000
2012,PAGE,12916000
2012,POTTAWATTAMIE,33105000
2012,TAYLOR,7749000
2012,AUDUBON,13541000
2012,CALHOUN,24674000
2012,CARROLL,20380000
2012,CRAWFORD,28299000
2012,GREENE,23014000
2012,GUTHRIE,13428000
2012,HARRISON,25546000
2012,IDA,19718000
2012,MONONA,20944000
2012,SAC,23152000
2012,SHELBY,25838000
2012,WOODBURY,30190000
2011,BOONE,30640000
2011,DALLAS,23850000
2011,GRUNDY,28220000
2011,HAMILTON,37470000
2011,HARDIN,36010000
2011,JASPER,30890000
2011,MARSHALL,26380000
2011,POLK,13990000
2011,POWESHIEK,27050000
2011,STORY,28220000
2011,TAMA,28200000
2011,WEBSTER,41080000
2011,BENTON,32300000
2011,CEDAR,31800000
2011,CLINTON,36370000
2011,IOWA,20870000
2011,JACKSON,18720000
2011,JOHNSON,20200000
2011,JONES,27410000
2011,LINN,27650000
2011,MUSCATINE,15470000
2011,SCOTT,19860000
2011,BUTLER,33220000
2011,CERRO GORDO,31140000
2011,FLOYD,26730000
2011,FRANKLIN,39550000
2011,HANCOCK,36050000
2011,HUMBOLDT,26230000
2011,KOSSUTH,57830000
2011,MITCHELL,27920000
2011,WINNEBAGO,22740000
2011,WORTH,20980000
2011,WRIGHT,34860000
2011,ALLAMAKEE,15060000
2011,BLACK HAWK,29000000
2011,BREMER,24930000
2011,BUCHANAN,37590000
2011,CHICKASAW,28300000
2011,CLAYTON,29700000
2011,DELAWARE,37480000
2011,DUBUQUE,26120000
2011,FAYETTE,36930000
2011,HOWARD,23780000
2011,WINNESHIEK,27460000
2011,BUENA VISTA,30970000
2011,CHEROKEE,26640000
2011,CLAY,28270000
2011,DICKINSON,16470000
2011,EMMET,20030000
2011,LYON,33450000
2011,O BRIEN,30700000
2011,OSCEOLA,21190000
2011,PALO ALTO,31510000
2011,PLYMOUTH,38900000
2011,POCAHONTAS,33280000
2011,SIOUX,44840000
2011,APPANOOSE,3975000
2011,CLARKE,4245000
2011,DECATUR,4541000
2011,LUCAS,3643000
2011,MADISON,10678000
2011,MARION,12114000
2011,MONROE,3600000
2011,RINGGOLD,6697000
2011,UNION,7760000
2011,WARREN,8677000
2011,WAYNE,7270000
2011,DAVIS,4174000
2011,DES MOINES,10757000
2011,HENRY,9908000
2011,JEFFERSON,8264000
2011,KEOKUK,17847000
2011,LEE,7584000
2011,LOUISA,11975000
2011,MAHASKA,21104000
2011,VAN BUREN,4774000
2011,WAPELLO,7613000
2011,WASHINGTON,19600000
2011,ADAIR,16700000
2011,ADAMS,10770000
2011,CASS,23910000
2011,FREMONT,14910000
2011,MILLS,14990000
2011,MONTGOMERY,14400000
2011,PAGE,14570000
2011,POTTAWATTAMIE,39820000
2011,TAYLOR,12180000
2011,AUDUBON,20520000
2011,CALHOUN,33190000
2011,CARROLL,34000000
2011,CRAWFORD,38350000
2011,GREENE,33000000
2011,GUTHRIE,19850000
2011,HARRISON,30750000
2011,IDA,24010000
2011,MONONA,29200000
2011,SAC,32740000
2011,SHELBY,31450000
2011,WOODBURY,37790000
2010,BOONE,26970000
2010,DALLAS,19510000
2010,GRUNDY,29900000
2010,HAMILTON,33840000
2010,HARDIN,34380000
2010,JASPER,25810000
2010,MARSHALL,27130000
2010,POLK,11780000
2010,POWESHIEK,21680000
2010,STORY,26790000
2010,TAMA,29160000
2010,WEBSTER,35450000
2010,BENTON,34630000
2010,CEDAR,27990000
2010,CLINTON,33050000
2010,IOWA,18540000
2010,JACKSON,16110000
2010,JOHNSON,16070000
2010,JONES,26010000
2010,LINN,24870000
2010,MUSCATINE,13250000
2010,SCOTT,16780000
2010,BUTLER,30410000
2010,CERRO GORDO,30440000
2010,FLOYD,25870000
2010,FRANKLIN,33260000
2010,HANCOCK,32810000
2010,HUMBOLDT,20070000
2010,KOSSUTH,56500000
2010,MITCHELL,27820000
2010,WINNEBAGO,22370000
2010,WORTH,22800000
2010,WRIGHT,25950000
2010,ALLAMAKEE,13980000
2010,BLACK HAWK,24540000
2010,BREMER,21130000
2010,BUCHANAN,31410000
2010,CHICKASAW,25840000
2010,CLAYTON,26100000
2010,DELAWARE,32790000
2010,DUBUQUE,22320000
2010,FAYETTE,30800000
2010,HOWARD,24020000
2010,WINNESHIEK,26770000
2010,BUENA VISTA,29160000
2010,CHEROKEE,27570000
2010,CLAY,27710000
2010,DICKINSON,16470000
2010,EMMET,20970000
2010,LYON,33080000
2010,O BRIEN,30130000
2010,OSCEOLA,21780000
2010,PALO ALTO,31140000
2010,PLYMOUTH,41380000
2010,POCAHONTAS,30210000
2010,SIOUX,45000000
2010,APPANOOSE,2370000
2010,CLARKE,2830000
2010,DECATUR,2640000
2010,LUCAS,1850000
2010,MADISON,8470000
2010,MARION,8790000
2010,MONROE,2050000
2010,RINGGOLD,4660000
2010,UNION,5830000
2010,WARREN,6710000
2010,WAYNE,3800000
2010,DAVIS,3400000
2010,DES MOINES,8180000
2010,HENRY,8390000
2010,JEFFERSON,6600000
2010,KEOKUK,12840000
2010,LEE,7170000
2010,LOUISA,10130000
2010,MAHASKA,14580000
2010,VAN BUREN,4220000
2010,WAPELLO,5410000
2010,WASHINGTON,16030000
2010,ADAIR,14540000
2010,ADAMS,9610000
2010,CASS,20940000
2010,FREMONT,15960000
2010,MILLS,15540000
2010,MONTGOMERY,14130000
2010,PAGE,16360000
2010,POTTAWATTAMIE,37650000
2010,TAYLOR,9470000
2010,AUDUBON,17790000
2010,CALHOUN,31370000
2010,CARROLL,33760000
2010,CRAWFORD,36230000
2010,GREENE,29030000
2010,GUTHRIE,16040000
2010,HARRISON,28540000
2010,IDA,23010000
2010,MONONA,28850000
2010,SAC,31960000
2010,SHELBY,30030000
2010,WOODBURY,33190000
2009,BOONE,30085000
2009,DALLAS,25070000
2009,GRUNDY,28652000
2009,HAMILTON,33339000
2009,HARDIN,29002000
2009,JASPER,33015000
2009,MARSHALL,27308000
2009,POLK,16346000
2009,POWESHIEK,26667000
2009,STORY,29782000
2009,TAMA,31453000
2009,WEBSTER,37681000
2009,BENTON,35563000
2009,CEDAR,30932000
2009,CLINTON,36561000
2009,IOWA,20540000
2009,JACKSON,17385000
2009,JOHNSON,19760000
2009,JONES,28514000
2009,LINN,28544000
2009,MUSCATINE,15910000
2009,SCOTT,20991000
2009,BUTLER,31636000
2009,CERRO GORDO,30308000
2009,FLOYD,24888000
2009,FRANKLIN,33989000
2009,HANCOCK,34888000
2009,HUMBOLDT,26640000
2009,KOSSUTH,60751000
2009,MITCHELL,26410000
2009,WINNEBAGO,21644000
2009,WORTH,20625000
2009,WRIGHT,32221000
2009,ALLAMAKEE,13200000
2009,BLACK HAWK,25719000
2009,BREMER,22384000
2009,BUCHANAN,31118000
2009,CHICKASAW,23103000
2009,CLAYTON,24350000
2009,DELAWARE,30757000
2009,DUBUQUE,22881000
2009,FAYETTE,26560000
2009,HOWARD,20817000
2009,WINNESHIEK,23811000
2009,BUENA VISTA,32700000
2009,CHEROKEE,29978000
2009,CLAY,29478000
2009,DICKINSON,17232000
2009,EMMET,21670000
2009,LYON,33155000
2009,O BRIEN,32474000
2009,OSCEOLA,22653000
2009,PALO ALTO,34040000
2009,PLYMOUTH,46545000
2009,POCAHONTAS,34495000
2009,SIOUX,45580000
2009,APPANOOSE,5141000
2009,CLARKE,4708000
2009,DECATUR,4895000
2009,LUCAS,4240000
2009,MADISON,12494000
2009,MARION,13677000
2009,MONROE,4471000
2009,RINGGOLD,7151000
2009,UNION,9164000
2009,WARREN,10637000
2009,WAYNE,7222000
2009,DAVIS,6092000
2009,DES MOINES,12700000
2009,HENRY,12690000
2009,JEFFERSON,11463000
2009,KEOKUK,19722000
2009,LEE,12578000
2009,LOUISA,13050000
2009,MAHASKA,23919000
2009,VAN BUREN,6894000
2009,WAPELLO,9835000
2009,WASHINGTON,21557000
2009,ADAIR,20078000
2009,ADAMS,11966000
2009,CASS,25174000
2009,FREMONT,22626000
2009,MILLS,19080000
2009,MONTGOMERY,17992000
2009,PAGE,19588000
2009,POTTAWATTAMIE,46183000
2009,TAYLOR,12213000
2009,AUDUBON,21320000
2009,CALHOUN,29289000
2009,CARROLL,36714000
2009,CRAWFORD,41026000
2009,GREENE,32729000
2009,GUTHRIE,19937000
2009,HARRISON,34833000
2009,IDA,25823000
2009,MONONA,37264000
2009,SAC,31921000
2009,SHELBY,35199000
2009,WOODBURY,40245000
2008,BOONE,26300000
2008,DALLAS,22400000
2008,GRUNDY,27900000
2008,HAMILTON,30900000
2008,HARDIN,29700000
2008,JASPER,30200000
2008,MARSHALL,25400000
2008,POLK,13900000
2008,POWESHIEK,22600000
2008,STORY,27000000
2008,TAMA,27900000
2008,WEBSTER,36200000
2008,BENTON,33600000
2008,CEDAR,28400000
2008,CLINTON,33200000
2008,IOWA,19500000
2008,JACKSON,15200000
2008,JOHNSON,16600000
2008,JONES,24400000
2008,LINN,24200000
2008,MUSCATINE,15600000
2008,SCOTT,20300000
2008,BUTLER,28300000
2008,CERRO GORDO,29800000
2008,FLOYD,24100000
2008,FRANKLIN,33300000
2008,HANCOCK,31600000
2008,HUMBOLDT,23100000
2008,KOSSUTH,53900000
2008,MITCHELL,25200000
2008,WINNEBAGO,22600000
2008,WORTH,19500000
2008,WRIGHT,29800000
2008,ALLAMAKEE,11500000
2008,BLACK HAWK,23000000
2008,BREMER,19400000
2008,BUCHANAN,28700000
2008,CHICKASAW,21600000
2008,CLAYTON,22100000
2008,DELAWARE,27500000
2008,DUBUQUE,19000000
2008,FAYETTE,30600000
2008,HOWARD,19300000
2008,WINNESHIEK,22800000
2008,BUENA VISTA,29500000
2008,CHEROKEE,27300000
2008,CLAY,26500000
2008,DICKINSON,14700000
2008,EMMET,20100000
2008,LYON,31000000
2008,O BRIEN,30500000
2008,OSCEOLA,21300000
2008,PALO ALTO,30300000
2008,PLYMOUTH,41400000
2008,POCAHONTAS,31400000
2008,SIOUX,45100000
2008,APPANOOSE,2900000
2008,CLARKE,3500000
2008,DECATUR,3200000
2008,LUCAS,2800000
2008,MADISON,10200000
2008,MARION,11600000
2008,MONROE,3400000
2008,RINGGOLD,5300000
2008,UNION,8000000
2008,WARREN,9200000
2008,WAYNE,4600000
2008,DAVIS,5100000
2008,DES MOINES,13000000
2008,HENRY,15100000
2008,JEFFERSON,11000000
2008,KEOKUK,17500000
2008,LEE,12600000
2008,LOUISA,13600000
2008,MAHASKA,22800000
2008,VAN BUREN,6500000
2008,WAPELLO,7800000
2008,WASHINGTON,21600000
2008,ADAIR,17200000
2008,ADAMS,10000000
2008,CASS,22400000
2008,FREMONT,15100000
2008,MILLS,14300000
2008,MONTGOMERY,14200000
2008,PAGE,13200000
2008,POTTAWATTAMIE,39900000
2008,TAYLOR,9300000
2008,AUDUBON,19700000
2008,CALHOUN,32300000
2008,CARROLL,32400000
2008,CRAWFORD,37900000
2008,GREENE,28300000
2008,GUTHRIE,19100000
2008,HARRISON,30000000
2008,IDA,23200000
2008,MONONA,28500000
2008,SAC,31500000
2008,SHELBY,31900000
2008,WOODBURY,39900000
